hiragana,reading,priority,source,page_url,filename
え,え,1,いらすとや,https://www.irasutoya.com/2013/01/blog-post_3721.html,e_01.png
え,え,2,いらすとや,https://www.irasutoya.com/2014/07/blog-post_2.html,e_02.png
え,えほん,1,いらすとや,https://www.irasutoya.com/2013/05/blog-post_31.html,ehon_01.png
え,えほん,2,いらすとや,https://www.irasutoya.com/2017/09/blog-post_897.html,ehon_02.png
え,えんぴつ,1,いらすとや,https://www.irasutoya.com/2018/05/blog-post_583.html,enpitsu_01.png
え,えんぴつ,2,いらすとや,https://www.irasutoya.com/2013/02/blog-post_4tried.html,enpitsu_02.png
え,えび,1,いらすとや,https://www.irasutoya.com/2014/02/blog-post_5765.html,ebi_01.png
え,えび,2,いらすとや,https://www.irasutoya.com/2016/10/blog-post_11.html,ebi_02.png
え,えがお,1,いらすとや,https://www.irasutoya.com/2019/01/blog-post_63.html,egao_01.png
え,えがお,2,いらすとや,https://www.irasutoya.com/2013/02/blog-post_5633.html,egao_02.png
え,えぷろん,1,いらすとや,https://www.irasutoya.com/2014/10/blog-post_919.html,epuron_01.png
え,えぷろん,2,いらすとや,https://www.irasutoya.com/2016/04/blog-post_18.html,epuron_02.png
え,えき,1,いらすとや,https://www.irasutoya.com/2013/10/blog-post_1829.html,eki_01.png
え,えき,2,いらすとや,https://www.irasutoya.com/2018/02/blog-post_20.html,eki_02.png
え,えんとつ,1,いらすとや,https://www.irasutoya.com/2015/12/blog-post_30.html,entotsu_01.png
え,えんとつ,2,いらすとや,https://www.irasutoya.com/2013/12/blog-post_4.html,entotsu_02.png
の,のり,1,いらすとや,https://www.irasutoya.com/2013/10/blog-post_8306.html,nori_01.png
の,のり,2,いらすとや,https://www.irasutoya.com/2016/01/blog-post_21.html,nori_02.png
の,のーと,1,いらすとや,https://www.irasutoya.com/2013/11/blog-post_9569.html,note_01.png
の,のーと,2,いらすとや,https://www.irasutoya.com/2017/04/blog-post_93.html,note_02.png
の,のこぎり,1,いらすとや,https://www.irasutoya.com/2016/04/blog-post_73.html,nokogiri_01.png
の,のこぎり,2,いらすとや,https://www.irasutoya.com/2015/06/blog-post_94.html,nokogiri_02.png
の,のど,1,いらすとや,https://www.irasutoya.com/2016/01/blog-post_85.html,nodo_01.png
の,のど,2,いらすとや,https://www.irasutoya.com/2016/02/blog-post_18.html,nodo_02.png
の,のはら,1,いらすとや,https://www.irasutoya.com/2013/06/blog-post_2.html,nohara_01.png
の,のはら,2,いらすとや,https://www.irasutoya.com/2016/09/blog-post_22.html,nohara_02.png
